{"cameraMode":{"drawMode":0,"name":"Shaded","section":"Shading Mode"},"sceneLighting":true,"audioPlay":false,"sceneViewState":{"m_AlwaysRefresh":false,"showFog":true,"showSkybox":true,"showFlares":true,"showImageEffects":true,"showParticleSystems":true,"showVisualEffectGraphs":true,"m_FxEnabled":true},"in2DMode":false,"pivot":{"x":-6.233746528625488,"y":0.4268040657043457,"z":0.8977487683296204},"rotation":{"x":-0.42556869983673098,"y":-0.32881373167037966,"z":0.16943685710430146,"w":-0.8258729577064514},"size":8.283289909362793,"orthographic":false}